Sito,Simboli,Epoche,Name,Quadro,Struttura,d.Rilievo,Rilevament,Coordinate,Profondita,Datazione,C14,Numerazion,Orientamen
79,Edificio,Eta Moderna,,,,,,,,,,,
80.1,Reperto,Bassomedioevo,,,,,,,,,,,
80.2,Edificio,Eta Romana,,,,,,,,,,,
80.2,Reperto,Eta Romana,,,,,,,,,,,
78.1,Torre di Difesa,Altomedioevo,,,,,,,,,,,
81.1,Edificio,Eta Romana,Laguna nord: Venezia - fondamenta delle Cappuccine o della Croce,,,,,,,,,,
81.13,Reperto,Bassomedioevo,Laguna nord: Venezia - Frontego dei Turchi - sezione sud,,,,,,,,,,
81.20,Reperto,Eta Romana,Laguna nord: Benezia - di fronte Fondamente Nuove,,Materiale di risulta,1992,A vista,,"- 2,20 m da l.m.M. Ge. 42",Secolo I d.C.,,401/ 8,
81.11,Reperto,Eta Romana,Laguna nord: Venezia - Fontego dei Turchi - sezione sud,,,,,,,,,,
81.24,Reperto,Medioevo,Laguna nord: Venezia - Fondamenta Misericordia,,,,,,,,,,
81.24_below,Edificio,Medioevo,Laguna nord: Venezia - Fondamenta Misericordia,,,,,,,,,,
81.25,Reperto,Bassomedioevo,Laguna nord: Venezia - S. Marco Ascensione,,,,,,,,,,
81.23,Reperto,Bassomedioevo,Laguna nord: Venezia - Palazzo Tiepolo - Papadopoli - S. Silvestro,,,,,,,,,,
81.22,Edificio,Altomedioevo,Laguna nord: Venezia - S. G. Grisostorno - Teatro Malibran,,,,,,,,,,
81.35,Edificio,Altomedioevo,"Laguna nord: Venezia - Castello - rio della Tana, ora palazzo dello sport",,,,,,,,,,
81.36,Reperto,Altomedioevo,,,,,,,,,,,
81.30,Struttura Inprecisata,Eta Romana,Laguna nord: palude dell'isola di S. Giorgio Maggiore,,,,,,,,,,
upper_81.32,Reperto,Medioevo,,,,,,,,,,,
81.32_below,Reperto,Medioevo,,,,,,,,,,,
81.38_1,Reperto,Eta Romana,Laguna nord: Venezia - palude del bacino di S. Marco,,,,,,,,,,
81.38_2,Reperto,Altomedioevo,,,,,,,,,,,
81.38_3,Reperto,Medioevo,,,,,,,,,,,
81.38_4,Reperto,Medioevo,,,,,,,,,,,
81.6,Reperto,Altomedioevo,,,,,,,,,,,
81.7,Reperto,Medioevo,,,,,,,,,,,
81.7,Reperto,Medioevo,,,,,,,,,,,
81.7,Reperto,Medioevo,,,,,,,,,,,
81.37,Reperto,Eta Romana,Laguna nord: Venezia - S. Elena darsena diporto velico,,,,,,,,,,
81.36_c6,Carotaggi,,Laguna nord: Venezia - palude dell' Arsenale,,,,,,,,,,
c5,Carotaggi,,,,,,,,,,,,
c6,Carotaggi,,,,,,,,,,,,
c4_left1,Carotaggi,,,,,,,,,,,,
c4_middle,Carotaggi,,,,,,,,,,,,
c4_right,Carotaggi,,,,,,,,,,,,
c2_left,Carotaggi,,,,,,,,,,,,
c2_right,Carotaggi,,,,,,,,,,,,
c3_upper,Carotaggi,,,,,,,,,,,,
c3_below,Carotaggi,,,,,,,,,,,,
c1,Carotaggi,,,,,,,,,,,,
88.10,Chiesa,Medioevo,,,,,,,,,,,
88.11,Edificio,Altomedioevo,,,,,,,,,,,
88.11_2,Reperto,Altomedioevo,,,,,,,,,,,
88.11_3,Reperto,Eta Romana,,,,,,,,,,,
88.11_4,Reperto,Medioevo,,,,,,,,,,,
88.3,Chiesa,Medioevo,,,,,,,,,,,
88.4,Chiesa,Medioevo,,,,,,,,,,,
88.6,Chiesa,Medioevo,,,,,,,,,,,
88.9,Struttura Inprecisata,Altomedioevo,,,,,,,,,,,
88.7-88.8_middle,Struttura Inprecisata,Altomedioevo,,,,,,,,,,,
88.8,Reperto,Altomedioevo,,,,,,,,,,,
96.32,Edificio,Eta Romana,,,,,,,,,,,
96.23,Edificio,Eta Romana,,,,,,,,,,,
96.23,Reperto,Eta Romana,,,,,,,,,,,
96.24_right,Reperto,Eta Romana,,,,,,,,,,,
96.30,Reperto,Eta Romana,,,,,,,,,,,
96.37,Reperto,Eta Romana,,,,,,,,,,,
96.34,Struttura Inprecisata,Eta Romana,,,,,,,,,,,
96.38,Reperto,Eta Romana,,,,,,,,,,,
96.27,Edificio,Eta Romana,,,,,,,,,,,
96.28,Reperto,Eta Romana,,,,,,,,,,,
96.28,Edificio,Eta Romana,,,,,,,,,,,
96.27,Reperto,Eta Romana,,,,,,,,,,,
96.29,Edificio,Eta Romana,,,,,,,,,,,
96.31,Struttura Inprecisata,Eta Romana,,,,,,,,,,,
Whatever,Reperto,Bassomedioevo,,,,,,,,,,,
116.69,Edificio,Eta Romana,,,,,,,,,,,
116.67,Edificio,Altomedioevo,,,,,,,,,,,
116.68,Struttura Inprecisata,Eta Romana,,,,,,,,,,,
116.66,Edificio,Eta Romana,,,,,,,,,,,
116.65,Edificio,Eta Romana,,,,,,,,,,,
116.64,Struttura Inprecisata,Eta Romana,,,,,,,,,,,
116.63,Edificio,Eta Romana,,,,,,,,,,,
116.61,Struttura Inprecisata,Eta Romana,,,,,,,,,,,
116.59,Edificio,Eta Romana,,,,,,,,,,,
116.58,Edificio,Eta Romana,,,,,,,,,,,
near116.58;116.60,Edificio,Eta Romana,,,,,,,,,,,
116.60,Edificio,Altomedioevo,,,,,,,,,,,
116.70,Edificio,Altomedioevo,,,,,,,,,,,
116.71,Edificio,Eta Romana,,,,,,,,,,,
116.72,Edificio,Altomedioevo,,,,,,,,,,,
116.56,Edificio,Eta Romana,,,,,,,,,,,
116.55,Edificio,Eta Romana,,,,,,,,,,,
116.39,Edificio,Eta Romana,,,,,,,,,,,
116.73,Reperto,Eta Romana,,,,,,,,,,,
116.73,Reperto,Eta Romana,,,,,,,,,,,
116.76,Reperto,Eta Romana,,,,,,,,,,,
116.77_left1,Reperto,Eta Moderna,,,,,,,,,,,
116.77_left2,Reperto,Bassomedioevo,,,,,,,,,,,
116.77_left3,Reperto,Medioevo,,,,,,,,,,,
116.77_right_#3,Reperto,Altomedioevo,,,,,,,,,,,
116.77_right2,Reperto,Eta Romana,,,,,,,,,,,
116.77_right1,Reperto,Eta Del Ferro,,,,,,,,,,,
c21,Carotaggi,,,,,,,,,,,,
c20A,Carotaggi,,,,,,,,,,,,
C18A,Carotaggi,,,,,,,,,,,,
C20B,Carotaggi,,,,,,,,,,,,
C18C,Carotaggi,,,,,,,,,,,,
C19,Carotaggi,,,,,,,,,,,,
C18B,Carotaggi,,,,,,,,,,,,
116.57,Edificio,Eta Romana,,,,,,,,,,,
C1,Carotaggi,,,,,,,,,,,,
C4,Carotaggi,,,,,,,,,,,,
C10,Carotaggi,,,,,,,,,,,,
C6,Carotaggi,,,,,,,,,,,,
C11,Carotaggi,,,,,,,,,,,,
C17A,Carotaggi,,,,,,,,,,,,
C16,Carotaggi,,,,,,,,,,,,
C17B,Carotaggi,,,,,,,,,,,,
116.16,Reperto,Eta Romana,,,,,,,,,,,
116.6,Edificio,Eta Romana,,,,,,,,,,,
116.7,Edificio,Eta Romana,,,,,,,,,,,
116.10,Chiesa,Medioevo,,,,,,,,,,,
116.10,Reperto,Medioevo,,,,,,,,,,,
below_116.10,Reperto,Altomedioevo,,,,,,,,,,,
left_below_116.10,Reperto,Eta Romana,,,,,,,,,,,
116.3,Reperto,Eta Romana,,,,,,,,,,,
116.4,Struttura Inprecisata,Eta Romana,,,,,,,,,,,
116.5,Edificio,Eta Romana,,,,,,,,,,,
116.9,Struttura Inprecisata,Eta Romana,,,,,,,,,,,
116.14,Struttura Inprecisata,Eta Romana,,,,,,,,,,,
116.3_upper,Reperto,Eta Romana,,,,,,,,,,,
116.3_below_left,Reperto,Eta Romana,,,,,,,,,,,
116.3_right,Reperto,Eta Romana,,,,,,,,,,,
116.17,Edificio,Eta Romana,,,,,,,,,,,
C25A,Carotaggi,,,,,,,,,,,,
116.18,Edificio,Eta Romana,,,,,,,,,,,
116.20,Edificio,Eta Romana,,,,,,,,,,,
116.19,Edificio,Eta Romana,,,,,,,,,,,
C34,Carotaggi,,,,,,,,,,,,
C30,Carotaggi,,,,,,,,,,,,
C35,Carotaggi,,,,,,,,,,,,
C32,Carotaggi,,,,,,,,,,,,
C31,Carotaggi,,,,,,,,,,,,
C_between116.17&116.14,Carotaggi,,,,,,,,,,,,
C26A,Carotaggi,,,,,,,,,,,,
C26B,Carotaggi,,,,,,,,,,,,
C27B,Carotaggi,,,,,,,,,,,,
C27A,Carotaggi,,,,,,,,,,,,
C26,Carotaggi,,,,,,,,,,,,
C25,Carotaggi,,,,,,,,,,,,
C36A,Carotaggi,,,,,,,,,,,,
116.50_cloest to the canal,Edificio,Eta Romana,,,,,,,,,,,
116.46,Edificio,Eta Romana,,,,,,,,,,,
116.49,Edificio,Eta Romana,,,,,,,,,,,
116.48,Edificio,Eta Romana,,,,,,,,,,,
116.47,Edificio,Eta Romana,,,,,,,,,,,
116.45,Reperto,Eta Romana,,,,,,,,,,,
116.45_below,Reperto,Eta Romana,,,,,,,,,,,
116.45_close to the canal,Reperto,Eta Romana,,,,,,,,,,,
116.43,Reperto,Eta Romana,,,,,,,,,,,
116.51,Edificio,Altomedioevo,,,,,,,,,,,
C33,Carotaggi,,,,,,,,,,,,
116.57,Mulino,Altomedioevo,,,,,,,,,,,
116.74,Struttura Inprecisata,Altomedioevo,,,,,,,,,,,
116.30,Palificata,Medioevo,,,,,,,,,,,
116.41,Edificio,Eta Romana,,,,,,,,,,,
116.33,Edificio,Eta Romana,,,,,,,,,,,
116.31,Edificio,Eta Romana,,,,,,,,,,,
116.32,Edificio,Eta Romana,,,,,,,,,,,
116.29,Edificio,Eta Romana,,,,,,,,,,,
C45,Carotaggi,,,,,,,,,,,,
C42,Carotaggi,,,,,,,,,,,,
C43,Carotaggi,,,,,,,,,,,,
116.36,Edificio,Eta Romana,,,,,,,,,,,
C50,Carotaggi,,,,,,,,,,,,
nearC50,Carotaggi,,,,,,,,,,,,
116.30,Palificata,Medioevo,,,,,,,,,,,
C54,Carotaggi,,,,,,,,,,,,
C57,Carotaggi,,,,,,,,,,,,
C53,Carotaggi,,,,,,,,,,,,
C52,Carotaggi,,,,,,,,,,,,
116.21,Reperto,Eta Romana,,,,,,,,,,,
116.22,Reperto,Altomedioevo,,,,,,,,,,,
116.27,Reperto,Eta Romana,,,,,,,,,,,
116.26,Reperto,Eta Romana,,,,,,,,,,,
116.28,Reperto,Eta Romana,,,,,,,,,,,
116.23_left,Reperto,Eta Romana,,,,,,,,,,,
116.23_right,Reperto,Altomedioevo,,,,,,,,,,,
116.24,Reperto,Altomedioevo,,,,,,,,,,,
118.4_left,Reperto,Medioevo,,,,,,,,,,,
118.4_left2,Reperto,Altomedioevo,,,,,,,,,,,
118.4_right2,Reperto,Eta Romana,,,,,,,,,,,
118.4_right,Reperto,Eta Del Ferro,,,,,,,,,,,
118.9,Chiesa,Medioevo,,,,,,,,,,,
118.3,Palificata,Altomedioevo,,,,,,,,,,,
118.3_left,Palificata,Altomedioevo,,,,,,,,,,,
118.6,Edificio,Altomedioevo,,,,,,,,,,,
118.7,Edificio,Eta Romana,,,,,,,,,,,
118.8,Chiesa,Medioevo,,,,,,,,,,,
118.8,Pozzo,Medioevo,,,,,,,,,,,
114,Edificio,Altomedioevo,,,,,,,,,,,
114,Pozzo,Medioevo,,,,,,,,,,,
114,Reperto,Altomedioevo,,,,,,,,,,,
114,Pozzo,Medioevo,,,,,,,,,,,
119,Reperto,Eta Romana,,,,,,,,,,,
98.2,Struttura Inprecisata,Eta Romana,,,,,,,,,,,
98.2,Reperto,Eta Romana,,,,,,,,,,,
98.3,Tomba,Eta Del Ferro,,,,,,,,,,,
98.1,Struttura Inprecisata,Eta Romana,,,,,,,,,,,
98.1,Reperto,Eta Romana,,,,,,,,,,,
123.18,Edificio,Eta Romana,,,,,,,,,,,
123.21,Reperto,Eta Romana,,,,,,,,,,,
123.13,Edificio,Eta Romana,,,,,,,,,,,
123.17,Struttura Inprecisata,Eta Romana,,,,,,,,,,,
123.16,Struttura Inprecisata,Eta Romana,,,,,,,,,,,
123.12,brick,Eta Romana,,,,,,,,,,,
123.11,Edificio,Eta Romana,,,,,,,,,,,
123.10,Anfore Infisse,Eta Romana,,,,,,,,,,,
123.6,Edificio,Eta Romana,,,,,,,,,,,
123.7,Edificio,Eta Romana,,,,,,,,,,,
123.5,Reperto,Eta Romana,,,,,,,,,,,
123.5,Palificata,Eta Romana,,,,,,,,,,,
123.1,brick,Eta Romana,,,,,,,,,,,
123.5,Anfore Infisse,Eta Romana,,,,,,,,,,,
123.5,Anfore Infisse,Eta Romana,,,,,,,,,,,
123.2,Reperto,Eta Romana,,,,,,,,,,,
123.2,Palificata,Eta Romana,,,,,,,,,,,
123.2,Palificata,Eta Romana,,,,,,,,,,,
123.2,Palificata,Eta Romana,,,,,,,,,,,
123.8,Reperto,Eta Romana,,,,,,,,,,,
123.27,Reperto,Eta Romana,,,,,,,,,,,
123.22,Edificio,Eta Romana,,,,,,,,,,,
123.?,Reperto,Eta Romana,,,,,,,,,,,
123.28,,Eta Romana,,,,,,,,,,,
123.25,,Eta Romana,,,,,,,,,,,
123.24,Edificio,Eta Romana,,,,,,,,,,,
123.26,,Eta Romana,,,,,,,,,,,
123.26,,Eta Romana,,,,,,,,,,,
123.38,,Eta Moderna,,,,,,,,,,,
123.31,Struttura Portuale,Eta Romana,,,,,,,,,,,
123.33,,Eta Romana,,,,,,,,,,,
123.35,,Eta Romana,,,,,,,,,,,
123.36,,Eta Romana,,,,,,,,,,,
123.32,,Eta Romana,,,,,,,,,,,
123.32,Reperto,Eta Romana,,,,,,,,,,,
123.??,,Eta Romana,,,,,,,,,,,
123.???,,Eta Romana,,,,,,,,,,,
123.34_assume,,Eta Romana,,,,,,,,,,,
121,Reperto,Eta Romana,,,,,,,,,,,
121,Reperto,Eta Romana,,,,,,,,,,,
121,Reperto,Medioevo,,,,,,,,,,,
121,Palificata,Medioevo,,,,,,,,,,,
120,Palificata,Medioevo,,,,,,,,,,,
92,Reperto,Bassomedioevo,,,,,,,,,,,
91,Reperto,Medioevo,,,,,,,,,,,
91,Edificio,Medioevo,,,,,,,,,,,
100.3,Struttura Inprecisata,Eta Romana,,,,,,,,,,,
100.4,Struttura Inprecisata,Eta Romana,,,,,,,,,,,
101.2,Reperto,Eta Romana,,,,,,,,,,,
101.1,Reperto,Eta Romana,,,,,,,,,,,
100.2,Reperto,Eta Romana,,,,,,,,,,,
100.1,Reperto,Eta Romana,,,,,,,,,,,
102,Reperto,Eta Romana,,,,,,,,,,,
102,Edificio,Eta Romana,,,,,,,,,,,
101.4,Reperto,Bassomedioevo,,,,,,,,,,,
127.10,Edificio,Eta Romana,,,,,,,,,,,
127.9,Edificio,Eta Romana,,,,,,,,,,,
127.5,Edificio,Eta Del Ferro,,,,,,,,,,,
127.7,Reperto,Eta Del Ferro,,,,,,,,,,,
127.3,Brick,Bassomedioevo,,,,,,,,,,,
127.4A,Anchor,Eta Del Ferro,,,,,,,,,,,
127.8,Edificio,Eta Romana,,,,,,,,,,,
127.1.1,Macerie,Bassomedioevo,,,,,,,,,,,
127.1.3,Macerie,Bassomedioevo,,,,,,,,,,,
127.1.2,Macerie,Bassomedioevo,,,,,,,,,,,
127.1.4,Macerie,Bassomedioevo,,,,,,,,,,,
127.3.1,Macerie,Bassomedioevo,,,,,,,,,,,
127.3,Brick,Bassomedioevo,,,,,,,,,,,
127.3.3,Brick,Bassomedioevo,,,,,,,,,,,
127.1.5,Macerie,Bassomedioevo,,,,,,,,,,,
127.3.4,Brick,Bassomedioevo,,,,,,,,,,,
127.2.1,Brick,Bassomedioevo,,,,,,,,,,,
127.2,Brick,Bassomedioevo,,,,,,,,,,,
127.1.6,Macerie,Bassomedioevo,,,,,,,,,,,
127.1.7,Macerie,Bassomedioevo,,,,,,,,,,,
127.1.9,Macerie,Bassomedioevo,,,,,,,,,,,
132.6,Edificio,Medioevo,,,,,,,,,,,
132.2.2,Tree,Bassomedioevo,,,,,,,,,,,
132.2.1,Tree,Bassomedioevo,,,,,,,,,,,
132.5,Macerie,Bassomedioevo,,,,,,,,,,,
107,Reperto,Bassomedioevo,,,,,,,,,,,
110,Reperto,Eta Romana,,,,,,,,,,,
109,Struttura Inprecisata,Altomedioevo,,,,,,,,,,,
109,Reperto,Altomedioevo,,,,,,,,,,,
108,Reperto,Medioevo,,,,,,,,,,,
93.1,Reperto,Altomedioevo,,,,,,,,,,,
93.2,Reperto,Altomedioevo,,,,,,,,,,,
93.2,Reperto,Altomedioevo,,,,,,,,,,,
93.2,Reperto,Altomedioevo,,,,,,,,,,,
89.1,Edificio,Eta Romana,,,,,,,,,,,
94,Reperto,Eta Romana,,,,,,,,,,,
90,Reperto,Altomedioevo,,,,,,,,,,,
90,Reperto,Bassomedioevo,,,,,,,,,,,
112,Edificio,Eta Romana,,,,,,,,,,,
83,Reperto,Altomedioevo,,,,,,,,,,,
82,Reperto,Eta Romana,,,,,,,,,,,
87.1,Reperto,Altomedioevo,,,,,,,,,,,
101.3,Reperto,,,,,,,,,,,,
125,Chiesa,Medioevo,,,,,,,,,,,
128,Reperto,,,,,,,,,,,,
130.26.1,Palificata,Altomedioevo,,,,,,,,,,,
130.26.2,Palificata,Altomedioevo,,,,,,,,,,,
130.26.3,Palificata,Altomedioevo,,,,,,,,,,,
130.26.4,Palificata,Altomedioevo,,,,,,,,,,,
130.26.5,Palificata,Altomedioevo,,,,,,,,,,,
130.26.6,Palificata,Altomedioevo,,,,,,,,,,,
130.26.7,Palificata,Altomedioevo,,,,,,,,,,,
130.26.8,Palificata,Altomedioevo,,,,,,,,,,,
130.26.9,Palificata,Altomedioevo,,,,,,,,,,,
130.27.r.1,Reperto,Medioevo,,,,,,,,,,,
130.27.r.2,Reperto,Altomedioevo,,,,,,,,,,,
130.27.r.3,Reperto,Medioevo,,,,,,,,,,,
130.27.s.1,Struttura Inprecisata,Medioevo,,,,,,,,,,,
130.27.s.2,Struttura Inprecisata,Medioevo,,,,,,,,,,,
130.27.s.3,Struttura Inprecisata,Altomedioevo,,,,,,,,,,,
130.24,Edificio,Altomedioevo,,,,,,,,,,,
130.14,Reperto,Altomedioevo,,,,,,,,,,,
130.23,Reperto,Medioevo,,,,,,,,,,,
130.21,Edificio,Altomedioevo,,,,,,,,,,,
130.23,Reperto,Medioevo,,,,,,,,,,,
130.29,Edificio,Eta Romana,,,,,,,,,,,
130.32,Edificio,Altomedioevo,,,,,,,,,,,
130.33,Chiesa,Medioevo,,,,,,,,,,,
130.33,Torre di Difesa,Altomedioevo,,,,,,,,,,,
130.25B,Struttura Inprecisata,Medioevo,,,,,,,,,,,
130.31,Ponte,Medioevo,,,,,,,,,,,
130.7,Reperto,Eta Romana,,,,,,,,,,,
130.7,Reperto,Eta Romana,,,,,,,,,,,
,Reperto,Eta Romana,,,,,,,,,,,
,Reperto,Eta Romana,,,,,,,,,,,
,Reperto,Eta Romana,,,,,,,,,,,
130.6,Edificio,Eta Romana,,,,,,,,,,,
,Reperto,Eta Romana,,,,,,,,,,,
,Reperto,Altomedioevo,,,,,,,,,,,
130.8,Edificio,Eta Romana,,,,,,,,,,,
,Reperto,Altomedioevo,,,,,,,,,,,
130.7,Tomba,Eta Romana,,,,,,,,,,,
130.20,Edificio,Altomedioevo,,,,,,,,,,,
130.19,Edificio,Medioevo,,,,,,,,,,,
130.19,Edificio,Medioevo,,,,,,,,,,,
130.19,Edificio,Medioevo,,,,,,,,,,,
130.1,,Eta Romana,,,,,,,,,,,
,,Eta Romana,,,,,,,,,,,
130.10,Edificio,Medioevo,,,,,,,,,,,
130.9,Edificio,Medioevo,,,,,,,,,,,
130.16,Edificio,Medioevo,,,,,,,,,,,
130.15,Edificio,Medioevo,,,,,,,,,,,
130.13,Edificio,Altomedioevo,,,,,,,,,,,
,Reperto,Medioevo,,,,,,,,,,,
130.17,Reperto,Eta Del Ferro,,,,,,,,,,,
,Brick,Eta Romana,,,,,,,,,,,
,Beick,Eta Romana,,,,,,,,,,,
,Reperto,Altomedioevo,,,,,,,,,,,
130.5,Edificio,Eta Romana,,,,,,,,,,,
130.4,Reperto,Eta Romana,,,,,,,,,,,
,Reperto,Altomedioevo,,,,,,,,,,,
,Struttura Inprecisata,Altomedioevo,,,,,,,,,,,
129.6,Edificio,Altomedioevo,,,,,,,,,,,
,Reperto,Altomedioevo,,,,,,,,,,,
129.1,Reperto,Altomedioevo,,,,,,,,,,,
,Reperto,Altomedioevo,,,,,,,,,,,
,Reperto,Eta Romana,,,,,,,,,,,
129.7,Edificio,Altomedioevo,,,,,,,,,,,
129.9,Struttura Inprecisata,Eta Romana,,,,,,,,,,,
129.10,Struttura Inprecisata,Eta Romana,,,,,,,,,,,
129.3,Ponte,Altomedioevo,,,,,,,,,,,
134.20,Reperto,Eta Romana,,,,,,,,,,,
134.15,Palificata,Medioevo,,,,,,,,,,,
134.15,Palificata,Medioevo,,,,,,,,,,,
134.15,Reperto,Medioevo,,,,,,,,,,,
134.16,,Altomedioevo,,,,,,,,,,,
134.16,,Altomedioevo,,,,,,,,,,,
134.16,Reperto,Altomedioevo,,,,,,,,,,,
134?16,,Altomedioevo,,,,,,,,,,,
134.17,Reperto,Altomedioevo,,,,,,,,,,,
,Reperto,Altomedioevo,,,,,,,,,,,
,Reperto,Medioevo,,,,,,,,,,,
134.19,Chiesa,Medioevo,,,,,,,,,,,
,Reperto,Medioevo,,,,,,,,,,,
,Reperto,Medioevo,,,,,,,,,,,
134.13,Reperto,Altomedioevo,,,,,,,,,,,
134.13,Reperto,Altomedioevo,,,,,,,,,,,
134.14,Reperto,Altomedioevo,,,,,,,,,,,
134.12,,Medioevo,,,,,,,,,,,
134.11,,Medioevo,,,,,,,,,,,
134.9,Repertp,Altomedioevo,,,,,,,,,,,
134.9,Reperto,Altomedioevo,,,,,,,,,,,
134.9,Struttura Inprecisata,Altomedioevo,,,,,,,,,,,
134.9,Reperto,Altomedioevo,,,,,,,,,,,
134.9,Reperto,Altomedioevo,,,,,,,,,,,
134.21,Struttura Inprecisata,Altomedioevo,,,,,,,,,,,
134.8,Repertp,Medioevo,,,,,,,,,,,
134.8,Reperto,Medioevo,,,,,,,,,,,
134.5,Edificio,Altomedioevo,,,,,,,,,,,
134.1,Edificio,Altomedioevo,,,,,,,,,,,
134.4,Edificio,Medioevo,,,,,,,,,,,
134.23,Reperto,Medioevo,,,,,,,,,,,
134.24,Palificata,Medioevo,,,,,,,,,,,
134.24,,Medioevo,,,,,,,,,,,
113.2B,Reperto,Eta Romana,,,,,,,,,,,
113.2B,Reperto,Eta Romana,,,,,,,,,,,
113.2B,Reperto,Eta Romana,,,,,,,,,,,
113.2B,Reperto,Eta Romana,,,,,,,,,,,
113.3,Reperto,Eta Romana,,,,,,,,,,,
113.6B,Reperto,Eta Romana,,,,,,,,,,,
113.6B,Reperto,Eta Romana,,,,,,,,,,,
113.6A,Struttura Inprecisata,Eta Romana,,,,,,,,,,,
,Reperto,Eta Romana,,,,,,,,,,,
113.5,Struttura Inprecisata,Eta Romana,,,,,,,,,,,
113.7,Repertp,Eta Romana,,,,,,,,,,,
113.10,Struttura Inprecisata,Eta Romana,,,,,,,,,,,
,Reperto,Eta Romana,,,,,,,,,,,
113.11A,Brick,Eta Romana,,,,,,,,,,,
113.11b,Star,,,,,,,,,,,,
113.12,Brick,Eta Romana,,,,,,,,,,,
113.13,Palificata,Eta Romana,,,,,,,,,,,
113.17,Struttura Inprecisata,Eta Romana,,,,,,,,,,,
113.13,Palificata,Eta Romana,,,,,,,,,,,
113.16,Tree,Eta Romana,,,,,,,,,,,
,Reperto,Eta Romana,,,,,,,,,,,
113.15,Edificio,Eta Romana,,,,,,,,,,,
113.18,Star,,,,,,,,,,,,
113.14,Palificata,Eta Romana,,,,,,,,,,,
113.14,Palificata,Eta Romana,,,,,,,,,,,
113.19,Repertp,Eta Romana,,,,,,,,,,,
113.2A,Brick,Eta Romana,,,,,,,,,,,
,Reperto,Eta Romana,,,,,,,,,,,
,Reperto,Eta Romana,,,,,,,,,,,
155,Reperto,Eta Romana,,,,,,,,,,,
,Reperto,Eta Romana,,,,,,,,,,,
162,Palificata,Medioevo,,,,,,,,,,,
,Reperto,Eta Romana,,,,,,,,,,,
,Reperto,Eta Del Bronzo,,,,,,,,,,,
,Edificio,Eta Romana,,,,,,,,,,,
,Reperto,Eta Romana,,,,,,,,,,,
,Reperto,Eta Romana,,,,,,,,,,,
,Palificata,Eta Romana,,,,,,,,,,,
,Tronco Ligneo,Eta Romana,,,,,,,,,,,
,Tronco Ligneo,Eta Romana,,,,,,,,,,,
165.5,Struttura Inprecisata,Eta Romana,,,,,,,,,,,
,Palificata,Eta Romana,,,,,,,,,,,
,Reperto,Eta Romana,,,,,,,,,,,
,Reperto,Eta Romana,,,,,,,,,,,
,Macerie,Eta Romana,,,,,,,,,,,
165.4,Struttura Inprecisata,Eta Romana,,,,,,,,,,,
158.3,Edificio,Altomedioevo,,,,,,,,,,,
157,Edificio,Eta Romana,,,,,,,,,,,
158.2,Edificio,Eta Romana,,,,,,,,,,,
153,Reperto,Eta Romana,,,,,,,,,,,
153,Reperto,Eta Romana,,,,,,,,,,,
146,Edificio,Eta Romana,,,,,,,,,,,
146,Edificio,Eta Romana,,,,,,,,,,,
146,Edificio,Eta Romana,,,,,,,,,,,
146,Edificio,Eta Romana,,,,,,,,,,,
146,Edificio,Medioevo,,,,,,,,,,,
146,Edificio,Medioevo,,,,,,,,,,,
146,Edificio,Eta Romana,,,,,,,,,,,
146,Edificio,Eta Romana,,,,,,,,,,,
146,Edificio,Eta Romana,,,,,,,,,,,
145,Reperto,Medioevo,,,,,,,,,,,
145,Reperto,Eta Romana,,,,,,,,,,,
151,Reperto,Eta Romana,,,,,,,,,,,
151,Struttura Inprecisata,Eta Romana,,,,,,,,,,,
,Reperto,Eta Romana,,,,,,,,,,,
,Reperto,Eta Romana,,,,,,,,,,,
142.3,Edificio,Eta Romana,,,,,,,,,,,
,Reperto,Eta Romana,,,,,,,,,,,
,Edificio,Medioevo,,,,,,,,,,,
,Edificio,Medioevo,,,,,,,,,,,
142.1,Edificio,Eta Romana,,,,,,,,,,,
142.1,Edificio,Eta Romana,,,,,,,,,,,
142.1,Edificio,Eta Romana,,,,,,,,,,,
,Reperto,Eta Romana,,,,,,,,,,,
145.7,Edificio,Eta Romana,,,,,,,,,,,
145.1,Pozzo,Eta Romana,,,,,,,,,,,
145.2,Pozzo,Eta Romana,,,,,,,,,,,
145.6,Macerie,Eta Romana,,,,,,,,,,,
145.5,Reperto,Eta Romana,,,,,,,,,,,
145.6,Macerie,Eta Romana,,,,,,,,,,,
145.6,Macerie,Eta Romana,,,,,,,,,,,
,Macerie,Eta Romana,,,,,,,,,,,
,Reperto,Eta Romana,,,,,,,,,,,
,Reperto,Eta Romana,,,,,,,,,,,
,Macerie,Eta Romana,,,,,,,,,,,
,Reperto,Eta Romana,,,,,,,,,,,
145.3,Reperto,Eta Romana,,,,,,,,,,,
,Macerie,Eta Romana,,,,,,,,,,,
,Macerie,Eta Romana,,,,,,,,,,,
,Reperto,Eta Romana,,,,,,,,,,,
,Macerie,Eta Romana,,,,,,,,,,,
,Palificata,Medioevo,,,,,,,,,,,
,Palificata,Medioevo,,,,,,,,,,,
,Reperto,Medioevo,,,,,,,,,,,
,Reperto,Eta Romana,,,,,,,,,,,
,Reperto,Altomedioevo,,,,,,,,,,,
139,Struttura Inprecisata,Eta Romana,,,,,,,,,,,
139,Reperto,Eta Romana,,,,,,,,,,,
138.1,Reperto,Altomedioevo,,,,,,,,,,,
138.1,Edificio,Altomedioevo,,,,,,,,,,,
140,Struttura Inprecisata,Eta Moderna,,,,,,,,,,,
140,Reperto,Eta Moderna,,,,,,,,,,,
138.2,Reperto,Eta Romana,,,,,,,,,,,
138.2,Edificio,Eta Romana,,,,,,,,,,,
131.1,Edificio,Eta Romana,,,,,,,,,,,
131.4,Mulino,Altomedioevo,,,,,,,,,,,
131.2,Edificio,Eta Romana,,,,,,,,,,,
131.3,Reperto,Eta Romana,,,,,,,,,,,
137.2,Reperto,Eta Romana,,,,,,,,,,,
137.2,Edificio,Eta Romana,,,,,,,,,,,
137.3,Struttura Inprecisata,Eta Romana,,,,,,,,,,,
137.3,Struttura Inprecisata,Eta Romana,,,,,,,,,,,
137.3,Struttura Inprecisata,Eta Romana,,,,,,,,,,,
137.1,Reperto,Eta Romana,,,,,,,,,,,
136,Edificio,Medioevo,,,,,,,,,,,
167,Reperto,Eta Romana,,,,,,,,,,,
166,Reperto,Eta Romana,,,,,,,,,,,
169,Struttura Inprecisata,Eta Romana,,,,,,,,,,,
164,Reperto,Eta Romana,,,,,,,,,,,
170.1,Ponte,Medioevo,,,,,,,,,,,
,Reperto,Bassomedioevo,,,,,,,,,,,
,Reperto,Bassomedioevo,,,,,,,,,,,
,Reperto,Eta Romana,,,,,,,,,,,
,Reperto,Bassomedioevo,,,,,,,,,,,
,Reperto,Bassomedioevo,,,,,,,,,,,
,Reperto,Bassomedioevo,,,,,,,,,,,
,Reperto,Eta Romana,,,,,,,,,,,
,Reperto,Eta Romana,,,,,,,,,,,
86.1,Reperto,Bassomedioevo,,,,,,,,,,,
86.1,Edificio,Bassomedioevo,,,,,,,,,,,
86.2,Reperto,Bassomedioevo,,,,,,,,,,,
,Carotaggi,,,,,,,,,,,,
,Carotaggi,,,,,,,,,,,,
,Carotaggi,,,,,,,,,,,,
,Carotaggi,,,,,,,,,,,,
,Carotaggi,,,,,,,,,,,,
,Carotaggi,,,,,,,,,,,,
,Carotaggi,,,,,,,,,,,,
,Carotaggi,,,,,,,,,,,,
,Carotaggi,,,,,,,,,,,,
76,Reperto,Eta Romana,,,,,,,,,,,
76,Reperto,Altomedioevo,,,,,,,,,,,
,Chiesa,Medioevo,,,,,,,,,,,
26,Edificio,Eta Romana,,,,,,,,,,,
26,Edificio,Eta Romana,,,,,,,,,,,
26,Edificio,Eta Romana,,,,,,,,,,,
26,Edificio,Eta Romana,,,,,,,,,,,
26,Reperto,Eta Romana,,,,,,,,,,,
26,Edificio,Eta Romana,,,,,,,,,,,
26,Edificio,Eta Romana,,,,,,,,,,,
26,Edificio,Eta Romana,,,,,,,,,,,
26,Struttura Portuale,Eta Romana,,,,,,,,,,,
34.2,Edificio,Eta Romana,,,,,,,,,,,
28,Edificio,Altomedioevo,,,,,,,,,,,
30,Reperto,Eta Romana,,,,,,,,,,,
31,Reperto,Eta Romana,,,,,,,,,,,
32,Reperto,Medioevo,,,,,,,,,,,
33,Reperto,Eta Romana,,,,,,,,,,,
33,Edificio,Altomedioevo,,,,,,,,,,,
33,Reperto,Altomedioevo,,,,,,,,,,,
29.1,Relitto Navale,Eta Romana,,,,,,,,,,,
49,Edificio,Medioevo,,,,,,,,,,,
49,Edificio,Medioevo,,,,,,,,,,,
44,Palificata,Medioevo,,,,,,,,,,,
44,Edificio,Altomedioevo,,,,,,,,,,,
44,Edificio,Altomedioevo,,,,,,,,,,,
44,Palificata,Medioevo,,,,,,,,,,,
44,Palificata,Medioevo,,,,,,,,,,,
44,Reperto,Eta Del Ferro,,,,,,,,,,,
44,Chiesa,Medioevo,,,,,,,,,,,
44,Edificio,Medioevo,,,,,,,,,,,
44,Pozzo,Medioevo,,,,,,,,,,,
44,Reperto,Medioevo,,,,,,,,,,,
44,Reperto,Medioevo,,,,,,,,,,,
42,Edificio,Altomedioevo,,,,,,,,,,,
43,Edificio,Altomedioevo,,,,,,,,,,,
43,Edificio,Eta Romana,,,,,,,,,,,
43,Edificio,Medioevo,,,,,,,,,,,
38,Palificata,Eta Moderna,,,,,,,,,,,
39,Edificio,Eta Romana,,,,,,,,,,,
,Reperto,Eta Romana,,,,,,,,,,,
,Reperto,Eta Del Ferro,,,,,,,,,,,
56,Palificata,Eta Moderna,,,,,,,,,,,
62,Carotaggi,,,,,,,,,,,,
62,Carotaggi,,,,,,,,,,,,
62,Carotaggi,,,,,,,,,,,,
62,Carotaggi,,,,,,,,,,,,
47,Reperto,Medioevo,,,,,,,,,,,
57,Palificata,Eta Moderna,,,,,,,,,,,
44.B,Palificata,Eta Moderna,,,,,,,,,,,
55,Edificio,Eta Romana,,,,,,,,,,,
55,Reperto,Eta Romana,,,,,,,,,,,
54,Reperto,Indeterminata,,,,,,,,,,,
40.2,Reperto,Indeterminata,,,,,,,,,,,
29.2,Relitto Navale,Eta Romana,,,,,,,,,,,
17,Edificio,Altomedioevo,,,,,,,,,,,
17,Chiesa,Medioevo,,,,,,,,,,,
17,Reperto,Medioevo,,,,,,,,,,,
17,Reperto,Altomedioevo,,,,,,,,,,,
18,Edificio,Medioevo,,,,,,,,,,,
18,Edificio,Altomedioevo,,,,,,,,,,,
12,Edificio,Medioevo,,,,,,,,,,,
19,Edificio,Medioevo,,,,,,,,,,,
19,Edificio,Medioevo,,,,,,,,,,,
,Edificio,Indeterminata,,,,,,,,,,,
15,Edificio,Medioevo,,,,,,,,,,,
15,Edificio,Medioevo,,,,,,,,,,,
15,Edificio,Medioevo,,,,,,,,,,,
11,Edificio,Eta Moderna,,,,,,,,,,,
10,Edificio,Indeterminata,,,,,,,,,,,
,Edificio,Altomedioevo,,,,,,,,,,,
,Torre di Difesa,Indeterminata,,,,,,,,,,,
,Edificio,Indeterminata,,,,,,,,,,,
,Edificio,Indeterminata,,,,,,,,,,,
